nx,ny,dx,dy,t,CFl,nsave
200,200,4.998352553542,4.998352553542,600.0,0.5,10
